county,year,minTemperature,maxTemperature,windSpeed,pressure,humidity,summary,visibility,cloudCover
Carlow,2000,-1.53,6.08,0.53,1023.81,0.96,Mostly cloudy throughout the day.,null,0.65
Carlow,2001,7.27,10.88,7.03,974.68,0.86,Mostly cloudy throughout the day and breezy in the afternoon.,null,0.76
Carlow,2002,-7.04,6.62,2.43,1031.54,0.85,Mostly cloudy throughout the day.,null,0.56
Carlow,2003,7.27,12.07,2.51,989.89,0.93,Mostly cloudy throughout the day.,null,0.78
Carlow,2004,3.88,8.48,6.2,1012.63,0.75,Breezy in the morning and mostly cloudy overnight.,null,0.38
Carlow,2005,2.67,11.77,5.42,1014.71,0.84,Mostly cloudy until afternoon and breezy in the afternoon.,null,0.56
Carlow,2006,5.89,7.98,5.7,1011.45,0.82,Mostly cloudy throughout the day.,null,0.63
Carlow,2007,4.27,6.28,4.7,1014.23,0.83,Mostly cloudy throughout the day.,null,0.67
Carlow,2008,7.57,11.07,3.99,1017.17,0.91,Mostly cloudy throughout the day.,null,0.79
Carlow,2009,-1.01,3.98,1.05,1028.81,0.92,Mostly cloudy throughout the day.,null,0.7
Carlow,2010,-3.25,0.15,1.22,1011.66,0.96,Mostly cloudy throughout the day.,null,0.7
Carlow,2011,3.29,7.76,1.01,1028.51,0.97,Mostly cloudy throughout the day.,null,0.7
Carlow,2012,3.13,9.84,5.04,999.15,0.82,Rain in the morning and overnight.,null,0.7
Carlow,2013,2.53,7.25,4.03,1010.5,0.82,Mostly cloudy throughout the day.,null,0.7
Carlow,2014,3.24,10.25,2.47,979.72,0.96,Rain until afternoon, starting again overnight.,null,0.7
Carlow,2015,8.79,14.17,6.62,1015.67,0.88,Rain until afternoon, starting again in the evening, and breezy until evening.,null,0.7
Carlow,2016,-0.18,9.31,5.11,1011.87,0.94,Rain throughout the day.,null,0.7
Carlow,2017,2.07,7.11,3.16,1011.75,0.81,Mostly cloudy throughout the day.,null,0.7
Carlow,2018,2.9,8.19,3.47,1010.94,0.78,Mostly cloudy throughout the day.,null,0.7
Waterford,2000,-1.43,6.18,0.53,1023.81,0.95,Mostly cloudy throughout the day.,null,0.64
Waterford,2001,7.37,10.98,7.03,974.68,0.86,Mostly cloudy throughout the day and breezy in the afternoon.,null,0.76
Waterford,2002,-6.94,7.6,2.44,1031.57,0.84,Mostly cloudy throughout the day.,null,0.56
Waterford,2003,7.37,12.18,2.51,989.89,0.93,Mostly cloudy throughout the day.,null,0.77
Waterford,2004,3.98,8.59,6.2,1012.63,0.74,Mostly cloudy overnight.,null,0.38
Waterford,2005,2.77,11.88,5.42,1014.71,0.84,Mostly cloudy until afternoon and windy in the afternoon.,null,0.55
Waterford,2006,6.96,8.63,3.84,1011.48,0.83,Mostly cloudy throughout the day.,null,0.62
Waterford,2007,4.37,6.38,4.7,1014.23,0.82,Mostly cloudy throughout the day.,null,0.67
Waterford,2008,8.14,10.92,3.99,1017.67,0.9,Mostly cloudy throughout the day.,null,0.79
Waterford,2009,0.63,3.37,2.03,1028.48,0.97,Mostly cloudy throughout the day.,null,0.7
Waterford,2010,-0.42,2.56,1.51,1011,0.77,Mostly cloudy throughout the day.,null,0.7
Waterford,2011,-7.14,-3.39,0.88,1027.97,1,Mostly cloudy throughout the day.,null,0.7
Waterford,2012,3.58,10.34,4.79,1000.39,0.88,Mostly cloudy throughout the day.,null,0.7
Waterford,2013,3.13,7.59,2.51,1010.9,0.84,Mostly cloudy throughout the day.,null,0.7
Waterford,2014,6.72,10.36,2.13,981.33,0.9,Rain in the morning.,7.68,0.66
Waterford,2015,9.96,11.92,4.73,1017.66,0.96,Rain until afternoon.,3.48,0.82
Waterford,2016,0.66,9.9,5.58,1005.95,0.91,Rain throughout the day.,6.73,0.7
Waterford,2017,2.38,9.95,2.18,1013.6,0.87,Partly cloudy throughout the day.,10.01,0.49
Waterford,2018,4.08,9.18,2.97,1000.15,0.81,Mostly cloudy throughout the day.,10.01,0.62
Louth,2000,1.3,6.31,4.59,1020.91,0.85,Mostly cloudy throughout the day.,null,0.72
Louth,2001,5.9,10,6.58,974.68,0.84,Mostly cloudy throughout the day.,null,0.72
Louth,2002,-3.02,6.11,3.29,1032.84,0.86,Mostly cloudy throughout the day.,null,0.72
Louth,2003,7.31,10.89,2.01,988.53,0.92,Mostly cloudy throughout the day.,null,0.72
Louth,2004,4.59,8.2,6.87,1009.05,0.79,Mostly cloudy throughout the day.,null,0.72
Louth,2005,1.7,9.29,5.95,1009.65,0.87,Mostly cloudy throughout the day.,null,0.72
Louth,2006,3.14,8.29,5.74,1008.43,0.83,Mostly cloudy throughout the day.,null,0.72
Louth,2007,2.2,5.6,6.1,1008.12,0.84,Mostly cloudy throughout the day.,null,0.72
Louth,2008,7.59,11.09,4.24,1016.94,0.91,Mostly cloudy throughout the day.,null,0.72
Louth,2009,-1.3,3.13,0.57,1029.76,0.92,Mostly cloudy throughout the day.,null,0.72
Louth,2010,-1.59,2.42,3.82,1010.45,0.85,Mostly cloudy throughout the day.,null,0.72
Louth,2011,2.2,6.89,3.3,1027.64,0.92,Mostly cloudy throughout the day.,null,0.72
Louth,2012,1.93,8.74,5.74,994.71,0.81,Light rain in the morning and overnight.,null,0.72
Louth,2013,2.5,6.49,4.3,1006.25,0.85,Mostly cloudy throughout the day.,null,0.72
Louth,2014,2.68,6.99,1.37,978.67,0.93,Mostly cloudy throughout the day.,null,0.72
Louth,2015,7.09,13.89,7.41,1010.64,0.91,Mostly cloudy throughout the day.,null,0.72
Louth,2016,0.08,8.59,5.57,1007.34,0.89,Light rain in the afternoon and evening and windy starting in the afternoon, continuing until evening.,null,0.72
Louth,2017,3.36,6.68,3.96,1012.36,0.89,Mostly cloudy throughout the day.,null,0.72
Louth,2018,3.48,8.31,4.91,994.25,0.15,Mostly cloudy throughout the day.,null,0.72
Dublin,2000,1.63,8.38,4.39,1022.73,0.85,Mostly cloudy starting in the afternoon.,null,0.32
Dublin,2001,7.16,10.78,6.24,975.39,0.82,Mostly cloudy throughout the day.,null,0.62
Dublin,2002,-4.39,7.2,3.12,1032.84,0.82,Partly cloudy starting in the afternoon.,null,0.26
Dublin,2003,8.59,11.61,4.07,990.15,0.9,Mostly cloudy throughout the day.,null,0.89
Dublin,2004,4.68,8.07,7.63,1010.29,0.8,Mostly cloudy throughout the day.,null,0.76
Dublin,2005,2.37,11.04,9.21,1012.04,0.84,Windy and mostly cloudy until evening.,null,0.69
Dublin,2006,3.49,8.38,6.17,1009.67,0.83,Mostly cloudy until evening.,null,0.63
Dublin,2007,3.76,6.24,9,1011.33,0.82,Partly cloudy throughout the day.,9.88,0.5
Dublin,2008,8.15,11.62,3.21,1017.64,0.84,Mostly cloudy throughout the day.,10.01,0.82
Dublin,2009,2.98,4.61,3.49,1029.19,0.89,Mostly cloudy throughout the day.,9.3,0.83
Dublin,2010,-3.46,0.56,2.79,1010.91,0.92,Snow (1â€“3 cm.) until afternoon.,9.54,0.5
Dublin,2011,3.52,8.27,1.95,1028.12,0.84,Mostly cloudy throughout the day.,9.38,0.81
Dublin,2012,3.12,10.13,7.05,997.67,0.8,Light rain in the morning and overnight.,10.01,0.51
Dublin,2013,2.78,6.94,7.09,1008.78,0.84,Mostly cloudy throughout the day.,10.01,0.51
Dublin,2014,5.04,10.52,3.41,979.69,0.86,Rain until afternoon.,9.56,0.72
Dublin,2015,8.98,14.52,8.58,1013.41,0.81,Mostly cloudy throughout the day and windy starting in the afternoon.,9.9,0.75
Dublin,2016,1.29,9.02,5.09,1007.38,0.83,Rain in the afternoon and evening.,9.69,0.67
Dublin,2017,2.42,6.19,3.67,1013.45,0.82,Mostly cloudy throughout the day.,9.93,0.57
Dublin,2018,4.58,8.29,6.62,997.28,0.79,Mostly cloudy throughout the day.,9.93,0.59
Clare,2000,0.95,8.47,2.81,1022.69,0.93,Mostly cloudy throughout the day.,null,0.51
Clare,2001,6.36,10.26,6.09,971.49,0.89,Mostly cloudy throughout the day.,null,0.81
Clare,2002,-0.93,7.51,6.33,1028.78,0.8,Mostly cloudy throughout the day.,null,0.59
Clare,2003,7.26,10.77,3.02,989.87,0.96,Mostly cloudy throughout the day.,null,0.79
Clare,2004,5.96,9.27,6.77,1015.04,0.79,Mostly cloudy throughout the day.,null,0.71
Clare,2005,3.06,10.96,7.56,1014.32,0.79,Mostly cloudy throughout the day and windy in the afternoon.,null,0.64
Clare,2006,4.57,8.76,6.26,1013.75,0.77,Mostly cloudy throughout the day.,null,0.69
Clare,2007,4.96,7.97,6.96,1014.55,0.83,Mostly cloudy throughout the day.,9.54,0.65
Clare,2008,8.97,10.96,5.44,1014.53,0.84,Mostly cloudy throughout the day.,10.01,0.75
Clare,2009,2.96,5.96,4.77,1026.51,0.79,Mostly cloudy throughout the day.,7.5,0.73
Clare,2010,-5.03,0.95,0.47,1012.43,0.96,Foggy starting in the afternoon.,5.66,0.37
Clare,2011,4.96,7.97,1.23,1029.23,0.92,Mostly cloudy throughout the day.,9.38,0.86
Clare,2012,3.44,9.85,4.54,998.69,0.84,Light rain starting in the afternoon, continuing until evening.,10.01,0.54
Clare,2013,3.31,8.18,3.65,1011.55,0.83,Mostly cloudy throughout the day.,10.01,0.65
Clare,2014,3.97,6.96,0.7,979.13,0.93,Foggy until afternoon.,9.25,0.73
Clare,2015,7.97,13.96,6.25,1014.65,0.88,Mostly cloudy throughout the day and windy starting in the afternoon.,9.41,0.8
Clare,2016,0.95,9.96,7.59,1001.69,0.89,Mostly cloudy throughout the day and windy in the afternoon.,10.01,0.71
Clare,2017,1.96,5.96,5.37,1013.27,0.85,Mostly cloudy starting in the evening.,10.01,0.45
Clare,2018,3.97,8.97,5.57,1000.92,0.82,Mostly cloudy throughout the day.,9.77,0.57
Monaghan,2000,2.15,7.18,4.42,1020.73,0.88,Mostly cloudy throughout the day.,null,0.81
Monaghan,2001,6.26,9.81,6.06,973.7,0.86,Mostly cloudy throughout the day.,null,0.74
Monaghan,2002,-4.11,6.05,2.24,1032.5,0.84,Mostly cloudy starting in the evening.,null,0.48
Monaghan,2003,7.49,10.5,2.14,988.34,0.95,Mostly cloudy throughout the day.,null,0.78
Monaghan,2004,4.37,8.02,7.26,1009.44,0.8,Breezy in the morning and mostly cloudy throughout the day.,null,0.6
Monaghan,2005,1.78,8.96,5.99,1009.47,0.88,Mostly cloudy throughout the day.,null,0.78
Monaghan,2006,4.68,8.03,4.97,1009.08,0.84,Mostly cloudy throughout the day.,null,0.57
Monaghan,2007,3.19,5.28,5.61,1008.91,0.86,Mostly cloudy throughout the day.,null,0.71
Monaghan,2008,7.47,10.96,4.03,1016.56,0.9,Mostly cloudy throughout the day.,null,0.8
Monaghan,2009,-0.55,1.92,1.69,1030.23,0.92,Mostly cloudy throughout the day.,null,0.72
Monaghan,2010,-4.02,1.43,2.33,1011.15,0.89,Mostly cloudy throughout the day.,null,0.72
Monaghan,2011,2.24,6.31,2.19,1028.2,0.92,Mostly cloudy throughout the day.,null,0.72
Monaghan,2012,1.98,7.88,5.76,994.88,0.85,Mostly cloudy throughout the day.,null,0.72
Monaghan,2013,2.38,6.91,4.01,1006.89,0.87,Mostly cloudy throughout the day.,null,0.72
Monaghan,2014,2.46,6.14,1.12,978.68,0.94,Mostly cloudy throughout the day.,null,0.72
Monaghan,2015,6.82,13.5,6.27,1010.68,0.91,Mostly cloudy throughout the day.,null,0.72
Monaghan,2016,0.09,7.89,6.12,1006.73,0.87,Light rain in the afternoon and evening and breezy starting in the afternoon, continuing until evening.,null,0.72
Monaghan,2017,2.18,6.49,2.36,1012.4,0.88,Mostly cloudy throughout the day.,null,0.72
Monaghan,2018,3.31,6.98,4.56,994.49,0.57,Mostly cloudy throughout the day.,null,0.72
Tipperary,2000,3.56,8.03,2.28,1011.98,0.88,Mostly cloudy throughout the day.,null,0.74
Tipperary,2001,3.54,8.02,2.29,1012.01,0.88,Mostly cloudy throughout the day.,null,0.74
Tipperary,2002,3.54,8.03,2.29,1012,0.88,Mostly cloudy throughout the day.,null,0.74
Tipperary,2003,3.55,8.03,2.28,1011.99,0.88,Mostly cloudy throughout the day.,null,0.74
Tipperary,2004,3.56,8.03,2.28,1011.98,0.88,Mostly cloudy throughout the day.,null,0.74
Tipperary,2005,3.54,8.02,2.29,1012.01,0.88,Mostly cloudy throughout the day.,null,0.74
Tipperary,2006,3.54,8.02,2.29,1012,0.88,Mostly cloudy throughout the day.,null,0.74
Tipperary,2007,3.55,8.03,2.28,1011.99,0.88,Mostly cloudy throughout the day.,null,0.74
Tipperary,2008,3.55,8.03,2.28,1011.99,0.88,Mostly cloudy throughout the day.,null,0.74
Tipperary,2009,3.54,8.02,2.29,1012.01,0.88,Mostly cloudy throughout the day.,null,0.74
Tipperary,2010,3.54,8.02,2.29,1012,0.88,Mostly cloudy throughout the day.,null,0.74
Tipperary,2011,3.55,8.03,2.29,1011.99,0.88,Mostly cloudy throughout the day.,null,0.74
Tipperary,2012,1.94,9.71,0.09,1011.99,0.87,Light rain starting in the afternoon, continuing until evening.,null,0.74
Tipperary,2013,3.54,8.02,2.29,1012.01,0.88,Mostly cloudy throughout the day.,null,0.74
Tipperary,2014,3.54,8.02,2.29,1012,0.88,Mostly cloudy throughout the day.,null,0.74
Tipperary,2015,3.54,8.03,2.29,1011.99,0.88,Mostly cloudy throughout the day.,null,0.74
Tipperary,2016,3.55,8.03,2.28,1011.99,0.88,Mostly cloudy throughout the day.,null,0.74
Tipperary,2017,3.54,8.02,2.29,1012.01,0.88,Mostly cloudy throughout the day.,null,0.74
Tipperary,2018,3.54,8.02,2.29,1012,0.88,Mostly cloudy throughout the day.,null,0.74
Galway,2000,2.91,9.12,4.32,1018.93,0.87,Mostly cloudy throughout the day.,null,0.71
Galway,2001,3.96,9.72,4.27,977.38,0.89,Mostly cloudy throughout the day.,null,0.71
Galway,2002,-6.27,7.61,3.83,1026.62,0.86,Mostly cloudy throughout the day.,null,0.71
Galway,2003,7.09,11.12,2.17,988.8,0.95,Mostly cloudy throughout the day.,null,0.71
Galway,2004,4.72,9.07,5.89,1013.44,0.75,Mostly cloudy throughout the day.,null,0.71
Galway,2005,3.41,10.01,4.33,1010.7,0.85,Mostly cloudy throughout the day and windy in the evening.,null,0.71
Galway,2006,3.91,8.22,4.84,1012.53,0.85,Mostly cloudy throughout the day.,null,0.71
Galway,2007,3.51,6.52,5.93,1011.37,0.8,Mostly cloudy throughout the day.,null,0.71
Galway,2008,7.02,11.52,3.82,1014.54,0.89,Mostly cloudy throughout the day.,null,0.71
Galway,2009,2.23,3.41,4.85,1028.27,0.86,Mostly cloudy throughout the day.,null,0.71
Galway,2010,-5.09,2.01,1.67,1012.52,0.92,Mostly cloudy throughout the day.,null,0.71
Galway,2011,2.12,8.32,1.57,1029.43,0.9,Mostly cloudy throughout the day.,null,0.71
Galway,2012,2.12,8.32,5.06,995.68,0.8,Mostly cloudy throughout the day.,null,0.71
Galway,2013,4.31,9.05,1.11,1010.31,0.78,Mostly cloudy throughout the day.,null,0.71
Galway,2014,3.71,5.82,1.01,978.86,0.91,Mostly cloudy throughout the day.,null,0.71
Galway,2015,3.85,12.51,2.14,1010.76,0.88,Mostly cloudy throughout the day.,null,0.71
Galway,2016,0.81,8.62,5.87,1002.75,0.88,Mostly cloudy throughout the day.,null,0.71
Galway,2017,2.41,7.64,1.8,1012.41,0.87,Mostly cloudy throughout the day.,null,0.71
Galway,2018,3.61,8.62,4.61,998.39,0.77,Mostly cloudy throughout the day.,null,0.71
Limerick,2000,1.03,8.54,2.81,1022.69,0.93,Mostly cloudy throughout the day.,null,0.52
Limerick,2001,6.43,10.34,6.09,971.49,0.89,Mostly cloudy throughout the day.,null,0.81
Limerick,2002,-0.85,7.6,6.33,1028.8,0.8,Mostly cloudy throughout the day.,null,0.59
Limerick,2003,7.34,10.85,3.19,989.95,0.95,Mostly cloudy throughout the day.,null,0.8
Limerick,2004,6.04,9.35,7.12,1015.12,0.79,Mostly cloudy throughout the day.,null,0.72
Limerick,2005,3.14,11.04,7.56,1014.32,0.78,Mostly cloudy throughout the day and windy starting in the afternoon, continuing until evening.,null,0.64
Limerick,2006,4.64,8.84,6.26,1013.76,0.77,Mostly cloudy throughout the day.,null,0.7
Limerick,2007,5.04,8.04,6.96,1014.55,0.82,Mostly cloudy throughout the day.,9.54,0.65
Limerick,2008,9.04,11.04,5.44,1014.53,0.84,Mostly cloudy throughout the day.,10.01,0.75
Limerick,2009,3.04,6.04,4.77,1026.51,0.79,Mostly cloudy throughout the day.,7.5,0.73
Limerick,2010,-4.95,1.03,0.47,1012.43,0.95,Foggy starting in the afternoon.,5.66,0.37
Limerick,2011,5.04,8.04,1.23,1029.23,0.91,Mostly cloudy throughout the day.,9.38,0.86
Limerick,2012,3.16,9.86,2.9,998.69,0.84,Light rain starting in the afternoon, continuing until evening.,10.01,0.54
Limerick,2013,3.04,8.04,4.46,1011.84,0.84,Mostly cloudy throughout the day.,10.01,0.65
Limerick,2014,4.05,7.04,0.7,979.13,0.92,Foggy until afternoon.,9.25,0.73
Limerick,2015,8.04,14.04,6.25,1014.65,0.87,Mostly cloudy throughout the day and windy starting in the afternoon.,9.41,0.8
Limerick,2016,1.03,10.04,7.59,1001.69,0.88,Mostly cloudy throughout the day and windy in the morning.,10.01,0.71
Limerick,2017,2.04,6.04,5.37,1013.52,0.84,Mostly cloudy starting in the evening.,10.01,0.45
Limerick,2018,4.05,9.04,5.57,1000.92,0.81,Mostly cloudy throughout the day.,9.77,0.57
Roscommon,2000,2.74,7.08,2.28,1010.99,0.91,Mostly cloudy throughout the day.,null,0.73
Roscommon,2001,2.73,7.07,2.28,1011.02,0.91,Mostly cloudy throughout the day.,null,0.73
Roscommon,2002,2.73,7.07,2.28,1011.01,0.91,Mostly cloudy throughout the day.,null,0.73
Roscommon,2003,2.73,7.07,2.28,1011,0.91,Mostly cloudy throughout the day.,null,0.73
Roscommon,2004,2.74,7.08,2.28,1010.99,0.91,Mostly cloudy throughout the day.,null,0.73
Roscommon,2005,2.73,7.07,2.28,1011.02,0.91,Mostly cloudy throughout the day.,null,0.73
Roscommon,2006,2.73,7.07,2.28,1011.01,0.91,Mostly cloudy throughout the day.,null,0.73
Roscommon,2007,2.73,7.07,2.28,1011,0.91,Mostly cloudy throughout the day.,null,0.73
Roscommon,2008,2.74,7.08,2.28,1011,0.91,Mostly cloudy throughout the day.,null,0.73
Roscommon,2009,2.73,7.07,2.28,1011.02,0.91,Mostly cloudy throughout the day.,null,0.73
Roscommon,2010,2.73,7.07,2.28,1011.01,0.91,Mostly cloudy throughout the day.,null,0.73
Roscommon,2011,2.73,7.07,2.28,1011,0.91,Mostly cloudy throughout the day.,null,0.73
Roscommon,2012,1.08,7.17,3.42,1011,0.94,Light rain starting in the afternoon, continuing until evening.,null,0.73
Roscommon,2013,2.12,7.67,2.82,1011.02,0.93,Mostly cloudy throughout the day.,null,0.73
Roscommon,2014,2.61,5.39,1.01,1011.01,0.96,Heavy rain until afternoon.,null,0.73
Roscommon,2015,3.22,12.73,6.65,1011.01,0.95,Heavy rain starting in the afternoon and windy in the evening.,null,0.73
Roscommon,2016,-0.04,7.74,3.18,1011,0.88,Mostly cloudy throughout the day.,null,0.73
Roscommon,2017,1.61,7.17,6.16,1011.02,0.88,Light rain in the morning and afternoon and windy starting in the afternoon, continuing until evening.,null,0.73
Roscommon,2018,3.28,8.28,4.56,1011.01,0.95,Rain in the morning.,null,0.73
Kildare,2000,1.98,7.89,4.88,1022.6,0.88,Partly cloudy starting in the afternoon.,null,0.27
Kildare,2001,7.39,10.08,7.89,975.01,0.85,Mostly cloudy throughout the day.,null,0.56
Kildare,2002,-4.43,6.78,2.91,1032.64,0.83,Partly cloudy in the afternoon.,null,0.25
Kildare,2003,2.79,11.38,3.79,990.07,0.94,Mostly cloudy throughout the day.,null,0.89
Kildare,2004,3.88,7.79,7.47,1010.56,0.84,Mostly cloudy throughout the day.,null,0.8
Kildare,2005,1.69,10.18,10.16,1012.01,0.88,Windy and mostly cloudy until evening.,null,0.71
Kildare,2006,2.88,7.79,5.23,1009.83,0.88,Mostly cloudy until evening.,null,0.62
Kildare,2007,3.08,5.49,8.15,1011.69,0.85,Mostly cloudy throughout the day.,null,0.49
Kildare,2008,7.09,11.29,3.29,1017.54,0.85,Mostly cloudy throughout the day.,null,0.91
Kildare,2009,0.69,3.61,2.28,1028.93,0.94,Mostly cloudy throughout the day.,null,0.91
Kildare,2010,-3.45,0.11,0.72,1011.39,0.96,Partly cloudy throughout the day.,null,0.51
Kildare,2011,2.92,7,0.76,1028.37,0.95,Mostly cloudy throughout the day.,null,0.88
Kildare,2012,2.54,9.42,5.04,998.39,0.86,Mixed precipitation overnight.,null,0.46
Kildare,2013,2.25,6.42,5.06,1009.59,0.86,Mostly cloudy throughout the day.,null,0.52
Kildare,2014,4.22,9.97,3.3,979.8,0.92,Mostly cloudy throughout the day.,9.72,0.68
Kildare,2015,8.45,13.49,8.68,1014.6,0.88,Windy and mostly cloudy throughout the day.,9.88,0.76
Kildare,2016,0.97,8.74,5.18,1007.1,0.88,Rain in the afternoon and evening.,9.41,0.68
Kildare,2017,2.04,6.01,3.17,1013.21,0.85,Mostly cloudy starting in the afternoon.,9.83,0.54
Kildare,2018,4.4,7.92,4.65,997.62,0.8,Mostly cloudy throughout the day.,10.01,0.58
Offaly,2000,1.39,7.31,2.81,1022.44,0.9,Mostly cloudy starting in the afternoon.,null,0.62
Offaly,2001,6.91,9.87,5.79,973.26,0.87,Mostly cloudy throughout the day.,null,0.77
Offaly,2002,-6.29,6.76,3.61,1031.4,0.83,Partly cloudy throughout the day.,null,0.51
Offaly,2003,8.38,10.47,2.78,988.84,0.94,Mostly cloudy throughout the day.,null,0.82
Offaly,2004,3.68,8.03,5.44,1012.09,0.79,Partly cloudy throughout the day.,null,0.54
Offaly,2005,2.36,9.64,5.11,1012.44,0.86,Mostly cloudy throughout the day.,null,0.73
Offaly,2006,4.47,8.02,4.11,1011.26,0.85,Mostly cloudy throughout the day.,null,0.75
Offaly,2007,3.61,5.83,4.3,1012.22,0.85,Mostly cloudy throughout the day.,null,0.72
Offaly,2008,7.38,11.18,4.12,1016.32,0.89,Mostly cloudy throughout the day.,null,0.79
Offaly,2009,1.4,3.48,2.78,1028.47,0.9,Mostly cloudy throughout the day.,null,0.74
Offaly,2010,-4.26,0.81,0.63,1011.83,0.94,Mostly cloudy throughout the day.,null,0.72
Offaly,2011,2.21,6.71,0.79,1028.71,0.92,Mostly cloudy throughout the day.,null,0.72
Offaly,2012,2.47,8.78,4.46,997.19,0.88,Mixed precipitation starting in the afternoon.,null,0.72
Offaly,2013,2.06,7.09,3.03,1009.59,0.84,Mostly cloudy throughout the day.,null,0.72
Offaly,2014,3.32,6.88,1.37,978.9,0.91,Rain until afternoon, starting again overnight.,null,0.72
Offaly,2015,7.3,13.67,5.9,1013.22,0.87,Rain until afternoon, starting again in the evening.,null,0.72
Offaly,2016,0.31,8.49,5.2,1005.12,0.87,Rain throughout the day and windy in the afternoon.,null,0.72
Offaly,2017,1.9,6.33,3.86,1013.34,0.86,Mostly cloudy throughout the day.,null,0.72
Offaly,2018,3.19,7.87,4.42,998.25,0.82,Mostly cloudy throughout the day.,null,0.72
Leitrim,2000,3.14,8.5,4.65,1020.16,0.86,Mostly cloudy throughout the day.,null,0.62
Leitrim,2001,5.63,8.51,6.45,970.93,0.88,Mostly cloudy throughout the day and breezy in the evening.,null,0.82
Leitrim,2002,-3.55,6.19,5.7,1029.64,0.83,Partly cloudy throughout the day.,null,0.31
Leitrim,2003,3,10.43,2.56,988.56,0.92,Mostly cloudy throughout the day.,null,0.92
Leitrim,2004,4.37,8.43,8.39,1012.62,0.77,Mostly cloudy throughout the day.,null,0.8
Leitrim,2005,2.45,9.53,7.39,1010.32,0.84,Mostly cloudy throughout the day and windy in the morning.,null,0.83
Leitrim,2006,3.93,7.54,6.11,1012.22,0.84,Mostly cloudy throughout the day and windy in the morning.,null,0.75
Leitrim,2007,3.93,5.93,6.83,1010.91,0.81,Mostly cloudy throughout the day and windy overnight.,10.01,0.63
Leitrim,2008,6.63,11.03,5.81,1014.68,0.9,Foggy in the morning.,7.89,0.81
Leitrim,2009,1.53,2.93,5.95,1028.57,0.91,Foggy until afternoon.,4.76,0.99
Leitrim,2010,-1.65,1.92,1.8,1012.68,0.85,Mostly cloudy overnight.,10.01,0.44
Leitrim,2011,2.48,7.62,1.02,1029.6,0.91,Drizzle starting in the afternoon, continuing until evening.,6.08,0.78
Leitrim,2012,1.62,7.37,2.25,995.39,0.9,Light rain until evening.,10.01,0.68
Leitrim,2013,2.29,7.7,4.83,1008.16,0.9,Mostly cloudy throughout the day.,10.01,0.67
Leitrim,2014,2.5,5.53,0.97,979.86,0.94,Heavy rain in the morning and afternoon.,8.64,0.8
Leitrim,2015,5.18,13.36,7.03,1010.38,0.94,Heavy rain starting in the evening and windy in the evening.,8.29,0.85
Leitrim,2016,0.26,7.89,6.25,1004.42,0.9,Mostly cloudy throughout the day and breezy starting in the afternoon, continuing until evening.,9.43,0.8
Leitrim,2017,1.57,6.76,5.79,1012.27,0.86,Partly cloudy in the morning.,10.01,0.4
Leitrim,2018,3.2,7.47,4.47,996.52,0.86,Light rain in the morning.,9.93,0.64
Cork,2000,3.79,8.7,1.73,1024.04,0.88,Mostly cloudy throughout the day.,null,0.58
Cork,2001,7.09,10.5,7.06,973.31,0.87,Mostly cloudy throughout the day.,null,0.85
Cork,2002,3.79,7.72,8.78,1029.02,0.65,Mostly cloudy throughout the day and windy in the evening.,null,0.67
Cork,2003,7.04,11.3,4.26,990.33,0.92,Mostly cloudy throughout the day.,null,0.85
Cork,2004,6.64,8.76,9.96,1014.78,0.74,Windy until afternoon and mostly cloudy throughout the day.,null,0.62
Cork,2005,3.59,11.7,7.48,1016.92,0.84,Mostly cloudy throughout the day and windy until afternoon.,null,0.79
Cork,2006,6.77,8.39,9.07,1013.41,0.78,Windy in the morning and mostly cloudy throughout the day.,null,0.76
Cork,2007,4.95,7.26,5.4,1016.58,0.79,Light rain until evening, starting again overnight.,10.01,0.58
Cork,2008,9.04,10.94,7.12,1015.5,0.88,Light rain in the afternoon and overnight.,9.27,0.75
Cork,2009,5.11,7.24,5.7,1025.78,0.83,Mostly cloudy throughout the day.,7.05,0.79
Cork,2010,-2.75,2.21,3.73,1011.57,0.88,Foggy starting in the evening.,7.98,0.25
Cork,2011,5.35,7.09,1.82,1028.66,0.87,Mostly cloudy throughout the day.,8.92,0.82
Cork,2012,3.66,10.78,6.65,1000.93,0.84,Windy in the morning and light rain overnight.,9.88,0.49
Cork,2013,3.51,7.61,4.47,1013.17,0.83,Mostly cloudy throughout the day.,10.01,0.67
Cork,2014,5.79,10.65,4,979.47,0.89,Mostly cloudy throughout the day and windy in the morning.,8.67,0.71
Cork,2015,9.8,13.8,9.16,1017.5,0.93,Windy until evening and foggy in the afternoon.,7.19,0.84
Cork,2016,1.78,10.79,8.97,1001.16,0.9,Windy until evening and foggy overnight.,8.56,0.74
Cork,2017,2.79,8.8,7.39,1014.4,0.79,Partly cloudy in the morning.,10.01,0.4
Cork,2018,3.73,9.51,4.4,1002.49,0.83,Mostly cloudy overnight.,9.75,0.49
Wexford,2000,4.01,9.62,1.23,1023.79,0.91,Mostly cloudy starting in the afternoon.,null,0.3
Wexford,2001,8.82,10.71,8.99,976.77,0.89,Mostly cloudy throughout the day.,null,0.59
Wexford,2002,4.72,7.83,6.37,1032.11,0.65,Mostly cloudy throughout the day.,null,0.36
Wexford,2003,5.02,11.51,3.98,991.13,0.95,Mostly cloudy throughout the day.,null,0.8
Wexford,2004,5.02,8.62,6,1011.9,0.78,Partly cloudy starting in the afternoon, continuing until evening.,null,0.24
Wexford,2005,3.91,11.32,7.56,1015.87,0.84,Mostly cloudy until evening and windy in the afternoon.,null,0.63
Wexford,2006,5.73,8.73,5.28,1010.19,0.8,Partly cloudy throughout the day.,null,0.56
Wexford,2007,5.01,8.91,6.25,1014.41,0.76,Mostly cloudy until afternoon.,null,0.47
Wexford,2008,8.89,10.95,4.43,1018.08,0.86,Mostly cloudy throughout the day.,null,0.86
Wexford,2009,1.48,4.32,2.44,1028.42,0.87,Mostly cloudy throughout the day.,null,0.69
Wexford,2010,-8.52,2.3,2.65,1011,0.82,Mostly cloudy throughout the day.,null,0.69
Wexford,2011,3.25,6.23,1.82,1027.83,0.95,Mostly cloudy throughout the day.,null,0.69
Wexford,2012,3.39,10.37,6.37,1000.36,0.82,Mostly cloudy throughout the day.,null,0.69
Wexford,2013,2.59,7.87,4.01,1010.87,0.81,Mostly cloudy throughout the day.,null,0.69
Wexford,2014,6.16,10.87,4.72,981.32,0.86,Rain in the morning.,7.68,0.66
Wexford,2015,9.8,12.19,8.02,1017.66,0.94,Foggy until evening.,3.48,0.81
Wexford,2016,2.29,9.78,7.26,1005.95,0.86,Windy until afternoon and rain in the evening and overnight.,6.73,0.7
Wexford,2017,2.72,10.08,4.04,1013.62,0.86,Partly cloudy throughout the day.,10.01,0.49
Wexford,2018,3.98,8.84,5.72,1000.15,0.79,Light rain in the morning.,10.01,0.62
Westmeath,2000,1.57,7.53,2.85,1022.48,0.89,Mostly cloudy starting in the afternoon.,null,0.61
Westmeath,2001,7.21,10,5.86,973.19,0.86,Mostly cloudy throughout the day.,null,0.77
Westmeath,2002,-5.91,6.78,3.73,1031.28,0.81,Partly cloudy throughout the day.,null,0.52
Westmeath,2003,8.49,10.58,2.8,988.86,0.93,Mostly cloudy throughout the day.,null,0.82
Westmeath,2004,3.95,8.22,5.43,1012.23,0.78,Partly cloudy throughout the day.,null,0.55
Westmeath,2005,2.56,9.82,5.15,1012.55,0.85,Mostly cloudy throughout the day.,null,0.72
Westmeath,2006,4.75,8.15,4.15,1011.36,0.84,Mostly cloudy throughout the day.,null,0.75
Westmeath,2007,3.73,5.94,4.29,1012.34,0.84,Mostly cloudy throughout the day.,null,0.72
Westmeath,2008,7.57,11.37,4.18,1016.24,0.88,Mostly cloudy throughout the day.,null,0.79
Westmeath,2009,1.18,3.53,2.8,1028.39,0.89,Mostly cloudy throughout the day.,null,0.74
Westmeath,2010,-4.21,1.03,0.79,1011.93,0.91,Mostly cloudy throughout the day.,null,0.72
Westmeath,2011,2.41,6.71,0.72,1028.78,0.92,Mostly cloudy throughout the day.,null,0.72
Westmeath,2012,2.49,8.64,3.14,997.35,0.88,Mixed precipitation starting in the afternoon.,null,0.72
Westmeath,2013,2.26,7.17,3.38,1009.79,0.83,Mostly cloudy throughout the day.,null,0.72
Westmeath,2014,3.29,6.48,1.3,978.92,0.9,Mostly cloudy throughout the day.,null,0.72
Westmeath,2015,7.32,13.75,6.12,1013.35,0.86,Mostly cloudy throughout the day.,null,0.72
Westmeath,2016,0.5,8.62,5.19,1004.89,0.86,Mostly cloudy throughout the day.,null,0.72
Westmeath,2017,1.93,7.49,1.9,1013.28,0.88,Mostly cloudy throughout the day.,null,0.72
Westmeath,2018,5.16,9.06,4.48,998.5,0.74,Drizzle in the morning.,null,0.72
Wicklow,2000,2.36,8.26,4.88,1022.6,0.86,Partly cloudy starting in the afternoon.,null,0.27
Wicklow,2001,7.77,10.46,7.89,975.01,0.83,Mostly cloudy throughout the day.,null,0.56
Wicklow,2002,-4.06,7.12,2.94,1032.65,0.81,Partly cloudy in the afternoon.,null,0.25
Wicklow,2003,3.32,11.76,3.79,990.07,0.92,Mostly cloudy throughout the day.,null,0.89
Wicklow,2004,4.25,8.16,7.47,1010.56,0.82,Mostly cloudy throughout the day.,null,0.8
Wicklow,2005,2.36,10.56,9.54,1012,0.86,Windy and mostly cloudy until evening.,null,0.71
Wicklow,2006,4.46,9.6,5.7,1009.84,0.79,Mostly cloudy until evening.,null,0.62
Wicklow,2007,4.37,6.76,6.94,1011.69,0.81,Mostly cloudy throughout the day.,null,0.49
Wicklow,2008,8.13,12.01,3.54,1017.69,0.9,Mostly cloudy throughout the day.,null,0.91
Wicklow,2009,-1.16,5.19,1.24,1029.04,0.89,Mostly cloudy throughout the day.,null,0.91
Wicklow,2010,-0.17,2.92,1.75,1011.12,0.85,Light rain until afternoon.,null,0.51
Wicklow,2011,3.46,11.07,0.66,1028.23,0.75,Mostly cloudy throughout the day.,null,0.88
Wicklow,2012,3.16,10.06,8.49,997.62,0.81,Mostly cloudy until evening and windy overnight.,null,0.46
Wicklow,2013,2.98,7.13,6.58,1008.69,0.84,Mostly cloudy throughout the day.,null,0.52
Wicklow,2014,4.49,10.42,2.32,979.92,0.88,Rain until afternoon.,9.72,0.68
Wicklow,2015,9.49,14.91,5.73,1013.57,0.82,Mostly cloudy throughout the day and windy starting in the evening.,9.88,0.76
Wicklow,2016,0.61,8.94,2.2,1007.11,0.88,Rain starting in the afternoon.,9.41,0.68
Wicklow,2017,2.18,6.49,1.49,1013.4,0.85,Mostly cloudy starting in the afternoon.,9.83,0.54
Wicklow,2018,5.43,8.02,3.16,997.58,0.78,Mostly cloudy throughout the day.,10.01,0.58
Longford,2000,1.32,7.12,2.69,1022.27,0.91,Mostly cloudy throughout the day.,null,0.66
Longford,2001,6.12,10.03,5.46,973.6,0.87,Mostly cloudy throughout the day.,null,0.78
Longford,2002,-7.47,6.68,2.99,1031.16,0.86,Mostly cloudy starting in the afternoon.,null,0.55
Longford,2003,8.43,10.72,2.67,988.78,0.93,Mostly cloudy throughout the day.,null,0.78
Longford,2004,3.12,7.92,5.46,1011.35,0.79,Partly cloudy throughout the day.,null,0.53
Longford,2005,2.03,10.03,4.93,1011.87,0.87,Mostly cloudy throughout the day.,null,0.73
Longford,2006,3.81,8.13,3.93,1010.7,0.86,Mostly cloudy throughout the day.,null,0.77
Longford,2007,3.32,6.12,4.33,1011.62,0.84,Mostly cloudy throughout the day.,null,0.7
Longford,2008,7.23,11.03,3.87,1016.68,0.89,Mostly cloudy throughout the day.,null,0.8
Longford,2009,1.37,2.89,3.39,1029.06,0.89,Mostly cloudy throughout the day.,null,0.73
Longford,2010,-3.96,1.61,1.23,1011.6,0.91,Mostly cloudy throughout the day.,null,0.73
Longford,2011,2.53,6.64,0.99,1028.58,0.91,Mostly cloudy throughout the day.,null,0.72
Longford,2012,2.34,8.38,3.65,996.43,0.87,Mixed precipitation starting in the afternoon.,null,0.72
Longford,2013,2.09,7.08,3.32,1008.81,0.84,Mostly cloudy throughout the day.,null,0.73
Longford,2014,2.91,6.49,1.06,978.82,0.92,Mostly cloudy throughout the day.,null,0.73
Longford,2015,6.89,13.64,5.55,1012.46,0.87,Mostly cloudy throughout the day.,null,0.72
Longford,2016,-0.38,8.33,4.32,1005.62,0.86,Mostly cloudy throughout the day.,null,0.72
Longford,2017,1.92,6.91,1.8,1012.74,0.89,Mostly cloudy throughout the day.,null,0.73
Longford,2018,4.71,8.43,4.18,997.71,0.77,Drizzle in the morning.,null,0.73
Mayo,2000,0.58,5.46,4.26,1020.92,0.92,Mostly cloudy throughout the day.,null,0.54
Mayo,2001,5.13,8.87,6.13,974.78,0.92,Mostly cloudy throughout the day.,null,0.66
Mayo,2002,-5.76,6.26,2.57,1032.93,0.8,Mostly cloudy throughout the day.,null,0.71
Mayo,2003,5.9,8.83,2.07,988.81,1,Mostly cloudy throughout the day.,null,0.71
Mayo,2004,3.38,6.98,6.88,1009.05,0.86,Mostly cloudy throughout the day.,null,0.71
Mayo,2005,0.48,8.08,5.95,1009.65,0.95,Mostly cloudy throughout the day.,null,0.71
Mayo,2006,3.62,7.27,4.59,1008.44,0.94,Light rain in the morning.,null,0.71
Mayo,2007,1.59,4.76,3.8,1008.12,0.95,Rain in the morning and afternoon.,null,0.71
Mayo,2008,6.42,10.07,3.25,1016.94,0.98,Mostly cloudy throughout the day.,null,0.71
Mayo,2009,-1.22,0.71,0.64,1029.76,1,Mostly cloudy throughout the day.,null,0.71
Mayo,2010,-2.81,-0.03,3.82,1010.51,0.93,Mostly cloudy throughout the day.,null,0.71
Mayo,2011,1.18,5.72,2.32,1027.64,0.99,Light rain in the morning and evening.,null,0.71
Mayo,2012,0.68,7.38,6.23,994.71,0.88,Mostly cloudy throughout the day.,null,0.71
Mayo,2013,1.28,5.27,4.3,1006.25,0.92,Mostly cloudy throughout the day.,null,0.71
Mayo,2014,1.47,5.78,1.37,978.67,1,Mostly cloudy throughout the day.,null,0.71
Mayo,2015,5.87,12.67,7.41,1010.64,0.98,Mostly cloudy throughout the day.,null,0.71
Mayo,2016,-1.08,7.04,5.43,1007.34,0.95,Light rain in the afternoon and evening and windy starting in the afternoon, continuing until evening.,null,0.71
Mayo,2017,1.81,5.47,3.95,1012.42,0.95,Mostly cloudy throughout the day.,null,0.71
Mayo,2018,2.4,6.46,5,994.25,0.31,Mostly cloudy throughout the day.,null,0.71
Kerry,2000,6.32,9.26,2.39,1012.39,0.83,Mostly cloudy throughout the day.,null,0.74
Kerry,2001,6.31,9.24,2.4,1012.41,0.83,Mostly cloudy throughout the day.,null,0.74
Kerry,2002,6.31,9.24,2.4,1012.4,0.83,Mostly cloudy throughout the day.,null,0.74
Kerry,2003,6.32,9.25,2.39,1012.39,0.83,Mostly cloudy throughout the day.,null,0.74
Kerry,2004,6.32,9.26,2.39,1012.39,0.83,Mostly cloudy throughout the day.,null,0.74
Kerry,2005,6.31,9.24,2.4,1012.41,0.83,Mostly cloudy throughout the day.,null,0.74
Kerry,2006,6.32,9.24,0.95,1012.4,0.83,Mostly cloudy throughout the day.,null,0.74
Kerry,2007,4.61,8.49,1.81,1012.4,0.77,Mostly cloudy throughout the day.,null,0.74
Kerry,2008,7.76,11.28,1.05,1012.39,0.88,Drizzle in the morning.,null,0.74
Kerry,2009,5.16,9.24,2.07,1012.41,0.83,Mostly cloudy throughout the day.,null,0.74
Kerry,2010,6.31,9.24,2.4,1012.4,0.83,Mostly cloudy throughout the day.,null,0.74
Kerry,2011,6.31,9.25,2.39,1012.4,0.83,Mostly cloudy throughout the day.,null,0.74
Kerry,2012,6.32,9.26,2.39,1012.39,0.83,Mostly cloudy throughout the day.,null,0.74
Kerry,2013,6.31,9.24,2.4,1012.41,0.83,Mostly cloudy throughout the day.,null,0.74
Kerry,2014,5.56,7.56,0.69,1012.4,0.92,Mostly cloudy throughout the day.,9.61,0.66
Kerry,2015,6.31,14.56,5.6,1012.4,0.89,Mostly cloudy throughout the day and windy in the afternoon.,9.61,0.8
Kerry,2016,3.57,10.56,5.41,1012.39,0.87,Mostly cloudy throughout the day.,9.93,0.79
Kerry,2017,1.56,7.14,1.25,1012.41,0.84,Mostly cloudy starting in the afternoon.,10.01,0.53
Kerry,2018,4.56,9.55,2.29,1012.4,0.84,Mostly cloudy throughout the day.,10.01,0.72
Meath,2000,1.4,6.23,4.5,1020.87,0.89,Mostly cloudy throughout the day.,null,0.81
Meath,2001,5.77,9.57,6.35,974.19,0.87,Mostly cloudy throughout the day.,null,0.74
Meath,2002,-3.98,6.03,2.61,1032.64,0.85,Mostly cloudy starting in the evening.,null,0.48
Meath,2003,7.12,10.34,2.13,988.44,0.96,Mostly cloudy throughout the day.,null,0.78
Meath,2004,4.12,7.76,7.29,1009.21,0.81,Mostly cloudy throughout the day and breezy until afternoon.,null,0.6
Meath,2005,1.27,8.71,5.97,1009.59,0.9,Mostly cloudy throughout the day.,null,0.78
Meath,2006,4.52,7.79,5.49,1008.54,0.85,Mostly cloudy throughout the day.,null,0.57
Meath,2007,2.88,5.21,5.86,1008.64,0.87,Mostly cloudy throughout the day.,null,0.71
Meath,2008,7.16,10.74,4.19,1016.71,0.92,Mostly cloudy throughout the day.,null,0.8
Meath,2009,-0.97,1.73,1.66,1030.07,0.94,Mostly cloudy throughout the day.,null,0.72
Meath,2010,-3.85,2.21,2.61,1010.96,0.89,Mostly cloudy throughout the day.,null,0.72
Meath,2011,1.98,6.02,2.36,1028.11,0.93,Mostly cloudy throughout the day.,null,0.72
Meath,2012,1.63,7.98,5.19,994.96,0.86,Light rain in the morning and overnight.,null,0.72
Meath,2013,1.99,6.27,4.06,1007,0.87,Mostly cloudy throughout the day.,null,0.72
Meath,2014,2.23,5.94,1.13,978.69,0.96,Mostly cloudy throughout the day.,null,0.72
Meath,2015,6.54,13.24,6.53,1010.83,0.92,Mostly cloudy throughout the day.,null,0.72
Meath,2016,-0.37,8.22,5.7,1007.32,0.93,Light rain in the afternoon and evening and breezy starting in the afternoon.,null,0.72
Meath,2017,2.92,6.24,3.96,1012.28,0.91,Mostly cloudy throughout the day.,null,0.72
Meath,2018,3.01,8,4.91,994.27,0.14,Mostly cloudy throughout the day.,null,0.72
Kilkenny,2000,-1.55,6.06,0.53,1023.81,0.96,Mostly cloudy throughout the day.,null,0.65
Kilkenny,2001,7.26,10.87,7.03,974.68,0.86,Mostly cloudy throughout the day and breezy in the afternoon.,null,0.76
Kilkenny,2002,-7.06,7.14,2.43,1031.57,0.85,Mostly cloudy throughout the day.,null,0.56
Kilkenny,2003,7.26,12.06,2.51,989.89,0.93,Mostly cloudy throughout the day.,null,0.78
Kilkenny,2004,3.86,8.47,6.2,1012.63,0.75,Breezy in the morning and mostly cloudy overnight.,null,0.38
Kilkenny,2005,2.66,11.76,5.42,1014.71,0.84,Mostly cloudy until afternoon and breezy in the afternoon.,null,0.56
Kilkenny,2006,6.17,7.98,5.65,1011.48,0.82,Mostly cloudy throughout the day.,null,0.63
Kilkenny,2007,4.26,6.26,4.7,1014.23,0.83,Mostly cloudy throughout the day.,null,0.67
Kilkenny,2008,7.56,11.06,3.99,1017.17,0.91,Mostly cloudy throughout the day.,null,0.79
Kilkenny,2009,0.34,4.29,1.34,1028.81,0.91,Mostly cloudy throughout the day.,null,0.7
Kilkenny,2010,-2.94,0.02,0.42,1011.66,0.92,Mostly cloudy throughout the day.,null,0.7
Kilkenny,2011,3.29,7.58,0.89,1028.51,0.97,Mostly cloudy throughout the day.,null,0.7
Kilkenny,2012,3.27,10.03,4.41,999.15,0.83,Rain in the morning and overnight.,null,0.7
Kilkenny,2013,2.84,7.52,2.03,1010.5,0.83,Mostly cloudy throughout the day.,null,0.7
Kilkenny,2014,4.5,10.35,1.91,979.72,0.95,Rain in the morning.,null,0.7
Kilkenny,2015,9.22,13.74,5.32,1015.67,0.91,Rain until afternoon.,null,0.7
Kilkenny,2016,-0.41,9.46,5.15,1012.59,0.95,Rain throughout the day.,null,0.7
Kilkenny,2017,2.05,7.97,2.45,1012.5,0.86,Mostly cloudy throughout the day.,null,0.7
Kilkenny,2018,3.43,8.34,2.6,1011.66,0.81,Mostly cloudy throughout the day.,null,0.7
Laois,2000,-0.49,6.26,1.79,1023.26,0.95,Mostly cloudy starting in the afternoon.,null,0.59
Laois,2001,7.17,10.02,6.65,973.81,0.88,Mostly cloudy throughout the day.,null,0.75
Laois,2002,-6.2,6.84,3.38,1031.12,0.85,Mostly cloudy throughout the day.,null,0.56
Laois,2003,7.27,10.83,2.68,989.46,0.97,Mostly cloudy throughout the day.,null,0.8
Laois,2004,3.73,7.89,5.87,1012.82,0.79,Partly cloudy throughout the day.,null,0.42
Laois,2005,2.11,9.86,5.36,1013.97,0.87,Mostly cloudy until afternoon.,null,0.6
Laois,2006,5.31,7.5,4.98,1011.68,0.85,Mostly cloudy throughout the day.,null,0.68
Laois,2007,3.46,5.52,4.43,1013.73,0.87,Mostly cloudy throughout the day.,null,0.7
Laois,2008,7.24,10.83,4.17,1016.55,0.92,Mostly cloudy throughout the day.,null,0.79
Laois,2009,0.2,3.88,1.36,1028.46,0.92,Mostly cloudy throughout the day.,null,0.73
Laois,2010,-4.17,-1.12,0.27,1011.9,0.98,Mostly cloudy throughout the day.,null,0.71
Laois,2011,2.67,6.93,0.76,1028.69,0.98,Mostly cloudy throughout the day.,null,0.71
Laois,2012,2.33,9,4.1,998.86,0.88,Mixed precipitation in the morning and overnight.,null,0.71
Laois,2013,1.47,7.01,2.83,1010.58,0.86,Mostly cloudy throughout the day.,null,0.71
Laois,2014,3.22,9.04,2.26,979.51,0.95,Rain until afternoon, starting again overnight.,null,0.71
Laois,2015,8.23,13.66,6.27,1015.17,0.9,Rain until afternoon, starting again in the evening, and breezy in the evening.,null,0.71
Laois,2016,0.09,8.76,6.07,1003.79,0.94,Rain throughout the day and breezy in the afternoon.,null,0.71
Laois,2017,1.83,6.28,3.55,1013.48,0.86,Mostly cloudy throughout the day.,null,0.71
Laois,2018,2.52,7.66,4.19,999.71,0.81,Mostly cloudy throughout the day.,null,0.71
Cavan,2000,1.62,7.88,4.37,1020.64,0.89,Mostly cloudy throughout the day.,null,0.81
Cavan,2001,6.22,9.74,5.9,973.16,0.87,Mostly cloudy throughout the day.,null,0.74
Cavan,2002,-5.26,5.83,2.21,1032.32,0.87,Mostly cloudy starting in the evening.,null,0.48
Cavan,2003,7.56,10.33,2.24,988.25,0.96,Mostly cloudy throughout the day.,null,0.78
Cavan,2004,4.28,8.07,7.34,1009.69,0.81,Breezy until afternoon and mostly cloudy throughout the day.,null,0.6
Cavan,2005,1.84,9.02,6.03,1009.38,0.89,Mostly cloudy throughout the day and breezy in the morning.,null,0.78
Cavan,2006,4.26,7.93,4.39,1009.67,0.84,Mostly cloudy throughout the day.,null,0.57
Cavan,2007,2.92,5.14,5.42,1009.3,0.87,Mostly cloudy throughout the day.,null,0.71
Cavan,2008,7.43,10.92,3.95,1016.38,0.89,Mostly cloudy throughout the day.,null,0.8
Cavan,2009,-0.48,2.23,2.7,1029.77,0.9,Mostly cloudy throughout the day.,null,0.72
Cavan,2010,-5.69,1.71,1.42,1011.63,0.91,Mostly cloudy throughout the day.,null,0.72
Cavan,2011,2.36,6.67,1.35,1028.62,0.9,Mostly cloudy throughout the day.,null,0.72
Cavan,2012,1.88,8,5.4,995.14,0.89,Mostly cloudy throughout the day.,null,0.72
Cavan,2013,2.11,6.87,4.1,1007.58,0.87,Mostly cloudy throughout the day.,null,0.72
Cavan,2014,2.37,5.98,1.15,978.69,0.95,Mostly cloudy throughout the day.,null,0.72
Cavan,2015,6.65,13.5,5.66,1010.85,0.9,Mostly cloudy throughout the day and breezy in the evening.,null,0.72
Cavan,2016,0.27,8.16,7.74,1005.42,0.9,Mostly cloudy throughout the day and windy starting in the afternoon.,null,0.72
Cavan,2017,1.56,6.53,1.76,1012.12,0.89,Mostly cloudy throughout the day.,null,0.72
Cavan,2018,2.66,7.06,3.07,995.01,0.84,Mostly cloudy throughout the day.,null,0.72
Sligo,2000,3.39,8.78,4.33,1020.12,0.84,Mostly cloudy throughout the day.,null,0.63
Sligo,2001,5.88,9.08,6.56,970.99,0.86,Mostly cloudy throughout the day.,null,0.81
Sligo,2002,-2.87,6.61,4.98,1030.62,0.8,Partly cloudy throughout the day.,null,0.31
Sligo,2003,7.56,10.52,0.71,987.57,0.92,Mostly cloudy throughout the day.,null,0.92
Sligo,2004,4.82,9.32,9.57,1011.24,0.77,Windy in the morning and mostly cloudy throughout the day.,null,0.8
Sligo,2005,2.47,10.21,8.28,1009.19,0.85,Mostly cloudy throughout the day and windy starting in the evening.,null,0.83
Sligo,2006,5.68,8.68,6.7,1011.03,0.79,Mostly cloudy throughout the day.,null,0.75
Sligo,2007,4.38,7.13,9.08,1008.99,0.9,Mostly cloudy throughout the day and windy overnight.,10.01,0.63
Sligo,2008,7.7,11.92,4.2,1015.03,0.89,Foggy in the morning.,7.89,0.81
Sligo,2009,0.39,1.61,5.12,1029.22,0.92,Foggy until afternoon.,4.76,0.99
Sligo,2010,-3.64,3.13,0.58,1012.35,0.91,Mostly cloudy overnight.,10.01,0.44
Sligo,2011,3.08,7.16,0.82,1029.39,0.89,Drizzle starting in the afternoon, continuing until evening.,6.08,0.78
Sligo,2012,2.38,7.9,4.68,993.89,0.83,Light rain until evening.,10.01,0.68
Sligo,2013,3.68,7.83,7.05,1007.72,0.82,Mostly cloudy throughout the day.,10.01,0.67
Sligo,2014,2.97,5.81,1.09,978.83,0.92,Heavy rain in the morning and evening.,9.45,0.79
Sligo,2015,5.77,13.02,5.76,1009.09,0.92,Heavy rain starting in the evening.,8.19,0.86
Sligo,2016,1.38,8.18,6.08,1004.2,0.85,Mostly cloudy throughout the day.,9.22,0.82
Sligo,2017,1.81,6.94,5.65,1012.14,0.83,Mostly cloudy overnight.,10.01,0.4
Sligo,2018,5.21,7.9,7.29,995.94,0.8,Mostly cloudy throughout the day and windy in the morning.,9.88,0.66
Donegal,2000,2.28,8.78,3.2,1019.54,0.83,Mostly cloudy throughout the day.,null,0.78
Donegal,2001,6.1,9.52,4.46,972.5,0.83,Mostly cloudy throughout the day.,null,0.77
Donegal,2002,-8.4,6.67,3.23,1031.4,0.83,Mostly cloudy throughout the day.,null,0.64
Donegal,2003,7.51,9.87,1.06,987.98,0.92,Mostly cloudy throughout the day.,null,0.82
Donegal,2004,5.02,9.24,7.91,1010.27,0.79,Mostly cloudy throughout the day.,null,0.76
Donegal,2005,2.35,10.35,7.15,1008.15,0.85,Mostly cloudy throughout the day and windy in the morning.,null,0.77
Donegal,2006,5.44,8.38,5.39,1010.36,0.81,Mostly cloudy throughout the day.,null,0.77
Donegal,2007,4.43,6.71,7.5,1008.21,0.9,Mostly cloudy throughout the day and windy overnight.,null,0.77
Donegal,2008,7.92,11.49,3.25,1015.62,0.9,Mostly cloudy throughout the day.,null,0.77
Donegal,2009,0.13,1.46,3.78,1029.85,0.91,Mostly cloudy throughout the day.,null,0.77
Donegal,2010,-5.6,3.14,0.47,1012.07,0.94,Mostly cloudy throughout the day.,null,0.77
Donegal,2011,2.98,6.9,0.81,1029.11,0.89,Mostly cloudy throughout the day.,null,0.77
Donegal,2012,2.47,8.15,5.58,993.53,0.83,Rain until evening.,null,0.77
Donegal,2013,2.79,7.61,4.25,1006.92,0.86,Mostly cloudy throughout the day.,null,0.77
Donegal,2014,3.45,6.71,1.35,978.82,0.9,Mostly cloudy throughout the day.,null,0.79
Donegal,2015,6.73,12.63,5.8,1008.66,0.92,Foggy in the afternoon.,null,0.83
Donegal,2016,1.48,8.23,6.26,1005.01,0.84,Mostly cloudy throughout the day and dangerously windy starting in the afternoon, continuing until evening.,9.85,0.78
Donegal,2017,2.84,6.88,3.56,1012.09,0.78,Mostly cloudy throughout the day.,10.01,0.65
Donegal,2018,5.17,7.61,6.59,994.99,0.79,Mostly cloudy throughout the day and windy until afternoon.,9.69,0.74
